{
  "dh_params": [
    [0.1632, 0.0, 1.5708, 0.0],
    [0.0,    0.647, 3.1416, 1.5708],
    [0.0,    0.6005, 3.1416, 0.0],
    [0.2013, 0.0, -1.5708, -1.5708],
    [0.1025, 0.0, 1.5708, 0.0],
    [0.094,  0.0, 0.0,    0.0]
  ],
  "dh_params_new": [
    [0.550, 0.170, 1.5708, 0.0],
    [0.0,   0.880, 0.0,    1.5708],
    [0.0,   0.190, 1.5708, 0.0],
    [0.8099,  -0.00039623, -1.5701,  0.00006922],
    [0.0001514, 0.00008038, 1.5712,  0.0009870],
    [0.11503, -0.000003062, 0.0000241, -0.00001192]
  ],
  "image_files": "../evaluate_data/16w_data/image_data/*_2DImage.png",
  "robotfile_path": "../evaluate_data/16w_data/robot_data.txt",
  "intrinsic_matrix": [
    [2253.05711, 0.0, 1015.59570],
    [0.0, 2253.60654, 781.77980],
    [0.0, 0.0, 1.0]
  ],
  "end_T_cam_ori": [
    [0.00019348, 0.999962018, -0.00871352487, -0.036040988],
    [-0.965509284, 0.00245552737, 0.260357049, -0.11262755],
    [0.260368556, 0.00836261535, 0.965473087, 0.119650637],
    [0.0, 0.0, 0.0, 1.0]
  ],
  "square_size": 0.015,
  "pattern_size": [11, 8]
}