{
    "dh_params": [
      [0.55, 0.17, 1.57079632679, 0.0],
      [0.0, 0.88, 0.0, 1.57079632679],
      [0.0, 0.19, 1.57079632679, 0.0],
      [0.81005555, -0.00037155682, -1.5699921, -0.00010908899],
      [0.00022009054, 0.00016752045, 1.5704931, 0.00029131345],
      [0.115002386, -0.0000284695379, -0.0000907932772, -0.0000180119005]
    ],
    "num_group": 6,
    "image_folder": "../../handeye_data/data_photoneo",
    "pose_folder": "../../handeye_data/data_nachi",
    "square_size": 0.015,
    "pattern_size": [11, 8],
    "group_lists": ["group1", "group2", "group3", "group4", "group5", "group6"],
    "show_corners": false,
    "show_project_error": true
  }